[
  {
    "DOI": "10.2307/2038614",
    "ISSN": "0002-9939; 1088-6826/e",
    "URL": "http://www.ams.org/journals/proc/1971-029-03/S0002-9939-1971-0277699-8",
    "author": [
      {
        "family": "Dixon",
        "given": "John D."
      }
    ],
    "container-title": "Proceedings of the American Mathematical Society",
    "id": "Dix71",
    "issued": {
      "date-parts": [
        [
          1971.0
        ]
      ]
    },
    "page": "625-626",
    "publisher": "American Mathematical Society (AMS), Providence, RI",
    "title": "A brief proof of Cauchy’s integral theorem.",
    "type": "article-journal",
    "volume": "29"
  }
]
