[
  {
    "author": [
      {
        "family": "Knaster",
        "given": "B."
      },
      {
        "family": "Kuratowski",
        "given": "C."
      }
    ],
    "container-title": "Fundamenta Mathematicae",
    "id": "KK21",
    "issued": {
      "date-parts": [
        [
          1921.0
        ]
      ]
    },
    "language": "French",
    "page": "206-255",
    "publisher": "Polish Academy of Sciences (Polska Akademia Nauk - PAN), Institute of Mathematics (Instytut Matematyczny), Warsaw",
    "title": "Sur les ensembles connexes",
    "type": "article-journal",
    "volume": "2"
  },
  {
    "ISBN": "0-521-79540-0/pbk",
    "URL": "https://www.math.cornell.edu/~hatcher/AT/AT.pdf",
    "author": [
      {
        "family": "Hatcher",
        "given": "Allen"
      }
    ],
    "id": "Hat02",
    "issued": {
      "date-parts": [
        [
          2002.0
        ]
      ]
    },
    "publisher": "Cambridge University Press",
    "title": "Algebraic topology.",
    "type": "book"
  }
]
