[
  {
    "ISBN": "0-387-98221-3",
    "author": [
      {
        "family": "Remmert",
        "given": "Reinhold"
      }
    ],
    "id": "Rem91",
    "issued": {
      "date-parts": [
        [
          1998
        ]
      ]
    },
    "language": "English",
    "number-of-pages": "xix + 349",
    "publisher": "New York, NY: Springer",
    "title": "Classical topics in complex function theory. Transl. by Leslie Kay.",
    "type": "book"
  },
  {
    "author": [
      {
        "family": "Šura-Bura",
        "given": "M."
      }
    ],
    "container-title": "Recueil Mathématique. Nouvelle Série",
    "container-title-short": "Rec. Math. Moscou, n. Ser.",
    "id": "SB41",
    "issued": {
      "date-parts": [
        [
          1941
        ]
      ]
    },
    "language": "Russian",
    "page": "385–388",
    "title": "Zur Theorie der bikompakten Räume.",
    "type": "article-journal",
    "volume": "9"
  },
  {
    "ISBN": "0-521-79540-0/pbk",
    "URL": "https://www.math.cornell.edu/~hatcher/AT/AT.pdf",
    "author": [
      {
        "family": "Hatcher",
        "given": "Allen"
      }
    ],
    "id": "Hat02",
    "issued": {
      "date-parts": [
        [
          2002
        ]
      ]
    },
    "publisher": "Cambridge University Press",
    "title": "Algebraic topology.",
    "type": "book"
  },
  {
    "URL": "http://www.ams.org/journals/tran/1935-038-02/S0002-9947-1935-1501814-1/S0002-9947-1935-1501814-1.pdf",
    "author": [
      {
        "family": "Basye",
        "given": "Robert Eugene"
      }
    ],
    "container-title": "Transactions of the American Mathematical Society",
    "id": "Bas35",
    "issued": {
      "date-parts": [
        [
          1935
        ]
      ]
    },
    "publisher": "American Mathematical Society (AMS), Providence, RI",
    "title": "Simply connected sets",
    "type": "article-journal"
  }
]
