[
  {
    "ISSN": "0365-4133",
    "author": [
      {
        "dropping-particle": "von",
        "family": "Koch",
        "given": "Helge"
      }
    ],
    "container-title": "Arkiv för Matematik, Astronomi och Fysik",
    "id": "Koc04",
    "issued": {
      "date-parts": [
        [
          1904.0
        ]
      ]
    },
    "language": "French",
    "page": "681-702",
    "publisher": "Kungliga Svenska Vetenskapsakademien.",
    "title": "Sur une courbe continue sans tangente, obtenue par une construction géométrique élémentaire.",
    "type": "article-journal",
    "volume": "1"
  }
]
