[
  {
    "URL": "http://citeseerx.ist.psu.edu/viewdoc/summary?doi=10.1.1.22.6768",
    "author": [
      {
        "family": "Goldberg",
        "given": "David"
      }
    ],
    "container-title": "ACM Computing Surveys",
    "id": "Gol91",
    "issue": "1",
    "issued": {
      "date-parts": [
        [
          1991.0
        ]
      ]
    },
    "page": "5-48",
    "title": "What every computer scientist should know about floating-point arithmetic",
    "type": "article-journal",
    "volume": "23"
  },
  {
    "ISBN": "1-55937-653-8",
    "author": [
      {
        "literal": "IEEE Task P754"
      }
    ],
    "id": "ANS85",
    "issued": {
      "date-parts": [
        [
          1985.0,
          8.0,
          12.0
        ]
      ]
    },
    "page": "20",
    "publisher": "IEEE",
    "publisher-place": "New York, NY, USA",
    "title": "ANSI/IEEE 754-1985, standard for binary floating-point arithmetic",
    "type": "book"
  },
  {
    "URL": "http://dblp.uni-trier.de/db/journals/toms/toms7.html#Fornberg81",
    "author": [
      {
        "family": "Fornberg",
        "given": "Bengt"
      }
    ],
    "container-title": "ACM Trans. Math. Softw.",
    "id": "For81",
    "issue": "4",
    "issued": {
      "date-parts": [
        [
          2006.0,
          4.0,
          3.0
        ]
      ]
    },
    "keyword": "dblp",
    "page": "512-526",
    "title": "Numerical differentiation of analytic functions.",
    "type": "article-journal",
    "volume": "7"
  },
  {
    "URL": "http://www.mathworks.ir/downloads/english/Spectral%20Methods%20in%20MATLAB.pdf",
    "author": [
      {
        "family": "Trefethen",
        "given": "Lloyd N."
      }
    ],
    "id": "Tre00",
    "issued": {
      "date-parts": [
        [
          2000.0
        ]
      ]
    },
    "publisher": "Siam",
    "title": "Spectral methods in matlab",
    "type": "book",
    "volume": "10"
  }
]
