[
  {
    "DOI": "10.1007/BFb0103924",
    "ISBN": "978-3-540-67782-6",
    "URL": "http://www-math.mit.edu/~gs/papers/newsigproc.pdf",
    "author": [
      {
        "family": "Strang",
        "given": "Gilbert"
      }
    ],
    "collection-title": "Lecture Notes in Mathematics,",
    "container-title": "Computational Mathematics Driven by Industrial Problems",
    "editor": [
      {
        "family": "Burkard",
        "given": "Rainer"
      },
      {
        "family": "Jameson",
        "given": "Anthony"
      },
      {
        "family": "Strang",
        "given": "Gilbert"
      },
      {
        "family": "Deuflhard",
        "given": "Peter"
      },
      {
        "family": "Lions",
        "given": "Jacques-Louis"
      },
      {
        "family": "Capasso",
        "given": "Vincenzo"
      },
      {
        "family": "Periaux",
        "given": "Jacques"
      },
      {
        "family": "Engl",
        "given": "Heinz"
      }
    ],
    "id": "Str00",
    "issued": {
      "date-parts": [
        [
          2000.0
        ]
      ]
    },
    "page": "366-412",
    "title": "Signal processing for everyone",
    "type": "chapter",
    "volume": "1739"
  },
  {
    "DOI": "10.2307/2325085",
    "URL": "http://www.maa.org/sites/default/files/images/images/upload_library/22/Ford/knuth403-422.pdf",
    "author": [
      {
        "family": "Knuth",
        "given": "Donald Ervin"
      }
    ],
    "container-title": "American Mathematical Monthly",
    "id": "Knu92",
    "issued": {
      "date-parts": [
        [
          1992.0
        ]
      ]
    },
    "title": "Two notes on notation",
    "type": "article-journal",
    "volume": "99(5)"
  },
  {
    "URL": "http://repository.dl.itc.u-tokyo.ac.jp/dspace/bitstream/2261/6027/1/jfs080104.pdf",
    "author": [
      {
        "family": "Sato",
        "given": "Mikio"
      }
    ],
    "container-title": "Journal of the Faculty of Science, the University of Tokyo. Sect. 1 A, Mathematics",
    "id": "Sat59",
    "issued": {
      "date-parts": [
        [
          1959.0
        ]
      ]
    },
    "title": "Theory of hyperfunctions I",
    "type": "article-journal",
    "volume": "8"
  },
  {
    "ISBN": "90-277-2837-2",
    "author": [
      {
        "family": "Kaneko",
        "given": "Akira"
      }
    ],
    "id": "Kan88",
    "issued": {
      "date-parts": [
        [
          1988.0
        ]
      ]
    },
    "publisher": "Kluwer Academic Publishers",
    "title": "Introduction to hyperfunctions",
    "type": "book"
  }
]
