[
  {
    "URL": "http://www.irisa.fr/vista/Papers/2003_siggraph_perez.pdf",
    "author": [
      {
        "family": "Pérez",
        "given": "Patrick"
      },
      {
        "family": "Gangnet",
        "given": "Michel"
      },
      {
        "family": "Blake",
        "given": "Andrew"
      }
    ],
    "container-title": "ACM Transactions on Graphics (SIGGRAPH'03)",
    "id": "PGB03",
    "issued": {
      "date-parts": [
        [
          2003.0
        ]
      ]
    },
    "page": "313-318",
    "title": "Poisson image editing",
    "type": "article-journal",
    "volume": "22(3)"
  },
  {
    "URL": "http://www.tgeorgiev.net/Invariant.pdf",
    "author": [
      {
        "family": "Georgiev",
        "given": "Todor"
      }
    ],
    "container-title": "http://www.tgeorgiev.net/Invariant.pdf",
    "id": "GEO05",
    "issued": {
      "date-parts": [
        [
          2005.0
        ]
      ]
    },
    "page": "61-64",
    "title": "Image reconstruction invariant to relighting",
    "type": "article-journal"
  },
  {
    "ISBN": "0-07-054234-1",
    "author": [
      {
        "family": "Rudin",
        "given": "Walter"
      }
    ],
    "edition": "3rd ed.",
    "id": "RUD87",
    "issued": {
      "date-parts": [
        [
          1987.0
        ]
      ]
    },
    "page": "xiv + 416",
    "publisher": "McGraw-Hill",
    "title": "Real and complex analysis. 3rd ed.",
    "type": "book"
  }
]
